seek_url,job_detail_title,job_detail_location,job_detail_classifications,job_detail_work_type,job_detail_salary,jobAdDetails,raw_data_path,extraction_time
https://www.seek.com.au/job/87454139?type=standard&ref=search-standalone#sol=da3aaca8a4a16083a7b32f533c1101ecc27ada89,Business Systems Analyst,Perth WA(Hybrid),Business/Systems Analysts (Information & Communication Technology),Full time,Not for profit benefits including salary packaging,"We have an opportunity for aBusinessSystems Analystto join our Digital Enablement team to enhance the suite of software applications used across Bethanie, driving innovation and continuous improvement in our digital capabilities.Reporting to the Manager – Digital Enablement this is a permanent role available full-time or part-time (0.8FTE) based at our Hay Street office in West Perth. We work flexibly, and attend the office minimum three times per week.About the role:Working closely with our Digital Enablement and ICT teams, duties in this hands-on role include:Drive continuous improvement initiatives and innovation in system designFeature development, upgrades and fixes (in conjunction with System Owners and/or Vendors as relevant)Ensure business requirements for new tech solutions are clear, and solutions developed in line with endorsed directionsProvide technical leadership in data integration and platform interoperability; supporting the design and development of integrationsDeliver prioritised sprint activities that support the Bethanie Strategy, Digital Enablement Plan and Strategic Project activitiesAbout youYou are a detail-oriented problem solver with strong communication skills and a passion for digital transformation. You thrive in collaborative environments and are confident in leading technical discussions and driving system improvements. You will also bring:Excellent communication and interpersonal skills – in particular, the ability to connect the understanding of technical and non-technical colleaguesAbility to translate business needs into technical solutionsProven experience structuring business requirements and systems architectureSound knowledge of the software development lifecycle and process improvement methodologiesAttention to detail and critical thinking ability, finding innovative solutionsExperience with Azure integration solutions and Microsoft Power PlatformProgramming skills, including in SQLWorking with BethanieAt Bethanie, we are committed to being an employer of choice by creating a supportive and compassionate environment for our people and customers. As well as being part of a stimulating and nurturing work environment, you will also have access to the following benefits:Financial benefits: Salary Packaging up to $15,899 of life expenses per annum, $2,650 per annum for meals and entertainment and additional benefits for parking – increasing your take home pay.Wellbeing benefits: a comprehensive mental health and wellbeing program and free flu vaccinations each year.Culture benefits: welcoming team with a supportive culture; team events and an annual awards night.A focus on flexibility and work life balance.To ApplyPlease click on apply to upload your resume and brief cover letter before the closing date of 10th October. Our application process will include a questionnaire to finalise your application.If you require any further information, please contact our Talent Acquisition team for a confidential discussion on131 151.",data\raw\Unknown_Company_Business Systems Analyst_87454139_20250926_155843,2025-09-26T15:58:48.083262
https://www.seek.com.au/job/87420230?type=standard&ref=search-standalone#sol=727692bd7a660464295e752a70be122b7c0ce627,Business Analyst - Healthcare,Perth WA(Hybrid),Business/Systems Analysts (Information & Communication Technology),Contract/Temp,$120k - $150k p.a. + Salary Sacrificing Benefits,"The CompanyWell known healthcare organisation that is focused on the community.Sites based across Australia & New Zealand, this role is based within 15 minutes of Perth's CBD and offers hybrid working.The RoleAs an experiencedBusiness Analystwith a passion for digitising healthcare processes, in this role you'll play a key part in designing and delivering streamlined digital workflows that improve efficiency and effectiveness across the organisation.Working in a fast-paced healthcare environment, you'll collaborate with clinical, technical, and operational teams to create solutions that optimise workflows, enhance the patient experience, and support a modern, connected workplace.Skills & ExperienceDemonstrated experience as a Business Analyst within a medical / healthcare or clinical environmentKnowledge and experience working with clinical applications and/or systemsStrong background in analysing and documenting clinical and administrative workflows (BPMN, Visio or similar).Proven ability to map system interfaces, data flows, and application dependencies across multiple systems.Skilled in producing clear, concise documentation for both technical and non-technical audiences.Hands-on experience developing test scenarios, validating functionality and supporting UAT.Excellent problem-solving, critical thinking and communication skills, with the ability to engage senior stakeholders.Collaborative team player with strong time management and organisational skills.(Desirable) Understanding of usability, human-centred design principles, and integration technologies (middleware, APIs).Familiarity with hospital information systems, clinical applications and digital transformation in healthcare is highly advantageousTertiary Degree in IT or other relevant disciplineIndustry Certifications, where relevant, may be advantageous, e.g. Agile etc.INTERESTED? You MUST have appropriate work rights for Australia to be considered for this position.Please APPLY ONLINE. Cover letter not necessary.",data\raw\Unknown_Company_Business Analyst - Healthcare_87420230_20250926_155842,2025-09-26T15:58:47.040067
https://www.seek.com.au/job/86839469?type=standard&ref=search-standalone#sol=d105a8601395648b5a018bb73ada644cc66ca0d8,Business Analyst,Perth WA,Business/Systems Analysts (Information & Communication Technology),Full time,$100k-$120k+Super,"Business Analyst opportunity offering great career progression in a meaningful organisationYour new companyJoin a respected not-for-profit organisation with a long-standing presence in Western Australia, known for its commitment to community impact and operational excellence. Based close to Central Perth, this organisation is undergoing a digital transformation and is seeking a skilled Business Analyst to support strategic initiatives and drive process innovation.Your new roleAs a Business & Process Analyst, you will play a pivotal role in bridging business needs with technology solutions. You'll work across departments to analyse current processes, identify inefficiencies, and implement improvements that enhance system usage and user experience. This role offers a unique opportunity to contribute to meaningful change in a purpose-driven environment.Key Responsibilities:Analyse and improve business processes in collaboration with cross-functional teams.Enhance digital systems, including CRM, HR, and finance platforms.Deliver insights through data analysis and reporting (e.g., Power BI).Facilitate stakeholder workshops and gather business requirements.Support project tracking, reporting, and risk management.Provide executive-level reporting and strategic analysis.What you'll need to succeedEssential:3+ years' experience in business analysis, working across the full project lifecycleStrong skills in process modelling, system analysis, and stakeholder engagement at all levels of the businessDesirable:Experience with Power BI, Tableau, or similar tools.Familiarity with a variety of IT platforms such as CRMs, CMS & HCMBusiness Analysis certification (e.g., CBAP, PMI-PBA).Exposure to Agile/Scrum methodologies.What you'll get in returnIn return, you will receive a salary of $100k-$120k+Super alongside great additional benefits, and a role offering great career progression within a meaningful organisation.What you need to do nowIf you're interested in this role, click 'apply now' to forward an up-to-date copy of your CV, or call us now.If this job isn't quite right for you, but you are looking for a new position, please contact us for a confidential discussion on your career.",data\raw\Unknown_Company_Business Analyst_86839469_20250926_155841,2025-09-26T15:58:47.453515
https://www.seek.com.au/job/87228805?type=standard&ref=search-standalone#sol=621e69ab2375e6c316898b892a1de4b92bb89a9f,"Experienced Data Analyst – Python, Snowflake, Power BI, SQL, Automation",Perth WA,Analysis & Reporting (Banking & Financial Services),Full time,,"Drive smarter decision-making through data and automation. Deliver real impact. Own your craft.Are you a technically skilled analyst who thrives on solving complex problems with data and automation? At Pioneer Credit, we’re on a mission to transform how data powers our business  and we’re looking for a curious, driven Data Analyst to join our dynamic Data & Analytics team.We’re not looking for someone to learn the ropes — we need someone who already knows them. If you’re a technically strong, commercially minded analyst who thrives on autonomy, problem-solving, and turning data into action — this is your moment.AtPioneer Credit, we’re transforming how data powers our business. Join our high-performing Data & Analytics team and help us scale smarter, faster, and with purpose.What You Will Do.Analyse business and customer data to uncover actionable insights, test hypotheses, and support continuous improvement.Collaborate across departments to embed data-led thinking into everyday decision-making.Build and maintain dashboard in Power BI to keep results front and centre – or, if schema design and shaping datasets is more your strength, we still want to hear from you.Design, build, and automate data workflows using platforms and tools like Snowflake, SQL Server, Microsoft Azure and CRM platforms.Own your work — from scoping to delivery — with minimal direction.What You Will Bring.Demonstrated skills in most of the following: SQL, Python, Power BI, and automation tools (e.g. Power Automate) – or similar tools with the ability to upskill quickly.Experience  integrating CRM and third-party data with hands-on experience   in cloud platforms such as Snowflake and Microsoft Azure.Proficient in designing and utilising structured data models and optimizing data flows and structures to support reporting and automation - we expect you to shape datasets, not just use them.Got Snowflake migration experience? Not essential, but call it out in your cover letter.Proven experience working in fast-paced, customer-focussed environments (contact centre or financial services experience a plus).A strong understanding of segmentation, and lifecycle analytics.Ability to translate business needs into technical solutions and communicate insights clearly to stakeholders.Why You Will Love Working At Pioneer.Our purpose is to put an end to debt stress. We’re a fast-paced, inclusive organisation where your ideas and contributions matter. Here’s what we offer:A collaborative, high-energy team environment that values innovation and impact.Opportunities to grow your skills and career through coaching and diverse project exposure.Wellbeing support including EAP, discounted gym memberships, and health insurance.A culture that values celebrates individuality, creativity, and continuous improvement.This Role Is For You If…You’re confident in your technical skills and want to make a real impact.You’re proactive, curious, and thrive in environments where you’re trusted to deliver.You’re ready to turn data into decisions that shape customer experiences and business outcomes.Please note: This advert may be closed early if the position is filled prior to the listed closing date.",data\raw\Unknown_Company_Experienced Data Analyst  Pyth_87228805_20250926_155905,2025-09-26T15:59:09.694410
https://www.seek.com.au/job/87444221?type=standard&ref=search-standalone#sol=c89b0b3d0e805916b9da5bf3decc6ea334f16449,Analyst,Perth WA(Hybrid),Analysts (Consulting & Strategy)Government - Federal (Government & Defence),Full time,,"At ASIC, you can be the change that ensures a fair, strong and efficient financial system for the benefit of all Australians. Contribute to delivering on ASIC's purpose, vision, and strategic priorities to help maintain the integrity of the financial system and protect consumers from harm.ASIC is seeking an Analyst - Business Engagement & Enquiries to join the Digital Team.  This role has a strong customer service focus combined with general troubleshooting skills and acts as a liaison point between business units, project teams, and IT to resolve customer issues.Sydney, Melbourne or Perth. Open to other locations$81,396 - $85,659 (depending on experience) + 15.4% superannuationPermanent PositionApplications close at 11:59pmAEDT,Thursday 9 October 2025The teamThe Digital team supports business systems and processes that build excellence in regulatory operations.The team provides the user-centred design service and manages the ongoing development of the key platform underpinning the regulatory workflows across ASIC - the ASIC CRM, ASIC Regulatory Portal, ASIC Search and related data and document repositories, as well as ASIC's key externally facing digital channels such as the corporate website.The roleThe purpose of the Analyst within the Digital team is to manage enquiries related to OneASIC Regulatory systems, providing expert troubleshooting support.Responsibilities will include:Act as liaison between business units, project teams, and IT to resolve customer issuesEfficiently resolve or escalate issues with strong verbal communicationDocument technical issues and solutions clearlyManage external stakeholder interactions via the ASIC Regulatory PortalSupport stakeholder training and update learning materialsDrive process improvement and innovationAssist with system enhancements, new products, and releasesCreate clear, user-friendly release communications for non-technical audiencesBuild and maintain relationships with subject matter experts and stakeholdersAbout youA successful applicant should possess many or all of the following:Relevant degree or experience in customer and stakeholder engagementStrong stakeholder management and influencing skillsExcellent communication and issue resolution abilitiesSkilled in multitasking and prioritising in fast-paced settingsUnderstanding of business processes and user reviewsExperience analysing database information and providing solutionsEffective problem-solving and issue triage skillsTeam-oriented with strong collaboration experienceProficient in Microsoft Dynamics CRM, SharePoint, and similar systemsStrong customer service and issue resolution skillsEfficient task management with timely, quality outcomesView the position description for more information or click ‘apply' to start your application.Applications close at 11:59pm AEDT,Thursday 9 October 2025About ASICASIC's remit is one of the broadest of regulators across the world. ASIC regulates corporations, markets, financial services and consumer credit and monitors and promotes market integrity and consumer protection in the Australian financial system. Through our enforcement work, we hold to account those who contravene the law, working to achieve strong outcomes that address the greatest consumer and investor harms.ASIC is committed to providing a diverse and inclusive workplace where the very best talent in Australia chooses to work. Indigenous Australians are encouraged to apply as well as applicants from all backgrounds and with different abilities.We offer a range ofemployee benefitsincluding:Attractive superannuationAdditional leave entitlements50/50 hybrid work-from home modelFlexible work arrangementsAssistance for study and professional developmentClick here to view ASIC's salary and benefits guide.To read more about ASIC, you can visit our website or review our Corporate Plan.To work with us, you need to be an Australian citizen and be prepared to complete an ASIC Suitability and Baseline Assessment.",data\raw\Unknown_Company_Analyst_87444221_20250926_155905,2025-09-26T15:59:11.403268
https://www.seek.com.au/job/87435704?type=standard&ref=search-standalone#sol=ced2f8bffdd1f20b133cdfde0c9a8827fa9b35e2,Product Business Analyst,Perth WA(Hybrid),Business/Systems Analysts (Information & Communication Technology),Full time,,"Want to deliver tech with purpose, with people who care?Join us in our mission to create solutions that help keep children safe online.Who we are?Headquartered in Perth, Australia, with offices globally, Qoria is an ASX listed global leader in child digital safety technology and services. We are a purpose-driven business, operating under the ‘Linewize’ brand in North America and Asia Pacific, the ‘Smoothwall’ brand in the UK, and the ‘Qoria’ brand in EMEA and Sri Lanka. Our solutions are utilised by schools, school districts, and parental communities to protect children from seeing harmful content online, identify children at risk based on their digital behaviours and ensure teachers maintain focus and safe learning in the digital classroom. 30.000 schools and 7 million parents depend on our solutions to keep 25 million children safe in 180 countries around the world.What’s the opportunity:We’re looking for aProduct Business Analystto help unify Qoria’s platform and deliver a seamless experience for our users. You’ll work across product, engineering, and operations to align priorities, streamline user journeys, and extend platform capabilities — ensuring every initiative delivers measurable business value.Here’s how you’ll do it:Act as a bridge between business goals and technical execution across squads in Australia, Sri Lanka, and beyond.Support product discovery, backlog management, and delivery planning for shared services and unified platform initiatives.Collaborate with stakeholders to validate needs, align workflows, and consolidate insights into actionable recommendations.Map systems and design user flows to simplify complex journeys across multiple products.Define success metrics, analyse impact, and share clear documentation to drive adoption of shared components across teams.Track and manage dependencies across product, operations, and engineering squads.What Success Looks LikeStakeholders trust you to turn complex challenges into clear, actionable solutions.You thrive in fast-paced environments and adapt quickly to change.You’re curious about user needs and outcomes, not just data flows.You’re proactive in exploring new tools (especially AI) to improve workflows.Teams adopt platform components with less ambiguity and friction.You spot risks and gaps early, keeping delivery on track.Every outcome maps to a measurable business or user need.What you’ll bring:5+ years’ experience as a Business Analyst, ideally in product, technical, or transformation roles.Strong collaboration skills with cross-functional and cross-regional teams.Proven stakeholder negotiation and conflict resolution experience.Confidence working with ambiguity, shifting requirements, and emerging technologies.Familiarity with agile methods (Scrum, Kanban, or hybrid).Ability to translate between business flows and technical systems.Excellent communication, documentation, and stakeholder management skills.Bonus: experience with platform teams, tools like Miro/Lucidchart, and systems like Jira, Confluence, or Airtable.Why Qoria?At Qoria, you’ll work on meaningful challenges that improve user experiences across our ecosystem. You’ll collaborate with talented teams across regions, grow your skills in product discovery and systems thinking, and make a real impact by driving unification and innovation at scale.In this role, you can expect:Employee stock optionsEnhanced holiday & family leaveTech Allowance.... and much moreMore importantly, you'll:Support tech with purpose...As a Product Business Analyst at Qoria, your work truly matters. With every customer interaction, you’ll be helping children stay safe online. It feels good to do good.With people who care...One of our values is ‘Care, Always’. Our Support Team lives and breathes that, every day. We also look after each other and help create a supportive environment for all.Through work that you love...Being a Business Analyst takes skill, energy and resilience. It can also be incredibly rewarding. Here, your efforts will be visible and you’ll love the impact you have.And a career that you own...A proven career path forward, with real opportunities to progress your career into other teams and departments within the company. Exposure to industry leading tech, developed in-house by an amazing engineering team. Regular company wide lunch and learn sessionsWe'd love to hear from you. Please submit your application if you would like to be considered for this opportunity.",data\raw\Unknown_Company_Product Business Analyst_87435704_20250926_155906,2025-09-26T15:59:12.803208
https://www.seek.com.au/job/87289430?type=standard&ref=search-standalone#sol=b377871371e1416158997877d69fcae475a0aa0f,Business Intelligence Analyst,Perth WA(Hybrid),Business/Systems Analysts (Information & Communication Technology),Full time,"$116,000 - $132,000 + super","About the OrganisationJoin a well-established ASX 300 listed business with strong growth forecasts. This is an environment where you can make a real impact and help shape the future of data and analytics across the organisation.The RoleWe are seeking a proactive Business Intelligence Analyst to take ownership of the data and BI function. This is a stand-alone role, meaning there is no dedicated internal data team, but you will work closely with external vendors for support and learning.Reporting directly to the CIO, you will work within a flat, collaborative technology team and partner closely with stakeholders across Finance, Marketing, HR, and other business areas.This role offers the chance to shape and grow a mature data practice while driving initiatives that enable informed business decisions. The position is open to candidates based in Melbourne or Brisbane, as well as Perth.Key ResponsibilitiesOwn the organisation’s BI and data function as a stand-alone analystContinue development of a Microsoft Fabric-based data warehouse (currently 80–90% complete)Design and deliver new reports and datasets based on business needsCollaborate with stakeholders to translate data requirements into actionable solutionsManage and partner with external vendors, overseeing delivery and deciding on outsourcing needsAct as the internal subject matter expert on data and BI, supporting business-wide decision makingGain exposure to multiple business areas, setting yourself up for future leadership opportunitiesSkills & ExperienceExperience with Microsoft Fabric and data warehouse developmentStrong knowledge of ETL processesProficiency in Microsoft Power Platform (Power BI, Power Apps, Power Automate)Exposure to Boomi or other integration toolsAbility to gather and translate business requirements into technical solutionsVendor management experience and confidence in driving project deliveryProject management or leadership experienceWhat’s on OfferA permanent, hands-on role with autonomy and ownership of BI and dataStand-alone role with access to vendors for support and learningWork closely with a lean, collaborative tech team, reporting directly to the CIOSignificant vendor budget and the ability to shape project deliveryFlexible working arrangements: one day per week from home and parent-friendly hoursCompetitive salary package: $116,000 - $132,000 + super, + $8K performance bonus",data\raw\Unknown_Company_Business Intelligence Analyst_87289430_20250926_155932,2025-09-26T15:59:36.901513
https://www.seek.com.au/job/87296353?type=standard&ref=search-standalone#sol=9f64141f52068b88ca1b822c99bfec6e4299e63d,Business Intelligence Analyst - Splunk,Perth WA,Business/Systems Analysts (Information & Communication Technology),Contract/Temp,plus super,"A leading mining organisation is seeking a Business Intelligence Analyst with strong Splunk expertise to join their team on a 12-month contract. This role is focused on delivering meaningful insights to business functions by monitoring, analysing, and reporting on data through Splunk.About the RoleMonitor and respond to Splunk alerts, logs, and data outputs.Develop and maintain dashboards, reports, and visualisations to support business decision-making.Partner with operations, commercial, and functional teams to understand reporting requirements.Translate data into actionable business intelligence and recommendations.Contribute to continuous improvement of BI processes and data quality.About YouProven experience in business intelligence, data analysis, or reporting.Strong hands-on knowledge of Splunk for analytics, dashboards, and alerting.Ability to engage with stakeholders across multiple business units.Excellent problem-solving skills and attention to detail.Strong communication and presentation abilities.What's on Offer12-month contract with potential for extension.Work with a major mining organisation on enterprise-scale initiatives.Competitive daily rate.Perth-based role with exposure to leading-edge data environments.If you are an experienced Business Intelligence Analyst with Splunk expertise and are looking to contribute to a high-profile mining project, we encourage you to apply.Apply now to register your interest.",data\raw\Unknown_Company_Business Intelligence Analyst _87296353_20250926_155932,2025-09-26T15:59:37.799900
https://www.seek.com.au/job/87357567?type=standard&ref=search-standalone#sol=46f6896ca70418bf8ccc25c0de08e8d3b82be3cc,Digital Business Analyst,Perth WA,Business/Systems Analysts (Information & Communication Technology),Full time,$120457 - $132753 p.a.,"Our client GESB is seeking a skilled and proactive Digital Business Analyst to join their Digital team; part of the Member Experience business unit. This is an opportunity to directly contribute to a positive member experience by providing members with relevant information, products, and tools to help them on their retirement journey.The mission of the Digital team is to provide solutions that prioritise usability across all digital channels, helping members effortlessly find information, interact and transact, and make informed decisions to achieve a quality retirement. As part of this team, you will drive continuous improvement by building strong, trust-based relationships with diverse stakeholders, collaborating effectively in agile, cross-functional teams, and taking ownership of tasks to deliver accurate outcomes with initiative and sound judgement.As the Digital Business Analyst, you will bring:A strong understanding of modern digital frameworks and methodologies, including Scrum, Kanban, Lean, Design Thinking, Human-Centred Design, multivariate testing, process mapping, flow charting, continuous improvement, test automation and moreA proven ability to communicate requirements clearly and effectively- both verbally and through user stories - with logical and clear acceptance criteria, that are easily understood by developers, testers and stakeholdersLead digital product and journey optimisation:analyse data, translate business needs into actionable digital solutions, and ensure products meet high standards of qualityEnhance user experience:use your knowledge of UI/UX, accessibility standards (like WCAG), and modern digital frameworks (like Design Thinking and Human-Centred Design) to improve the member experienceDrive data-informed decisions:use digital analytics to identify opportunities for improvement and inform product developmentStrong problem-solving skills,with the ability to lead the resolution of complex strategic challenges, work autonomously, and proactively communicate with stakeholdersSolid experience in digital analytics or business intelligence (BI) tools, including the ability to generate and interpret reports, compare data sets, and extract meaningful insightsExperience with content management systems(CMS),mobile app ecosystems(IOS/Android), and a solid understanding ofSearch Engine Optimisation (SEO), App StoreOptimisation (ASO)and web/mobile analytics toolsWork-Related Requirementsz:Experience:4+ years as a Digital Business Analyst or in a similar role. Experience in financial services is desirableTechnical skills:a strong understanding of modern digital frameworks like Scrum and Kanban. You should have solid experience with digital analytics or business intelligence tools and practical knowledge of CMS, mobile app ecosystems, SEO, and ASOProblem-solving:proven ability to solve complex strategic challenges and work autonomouslyCommunication:excellent verbal and written communication skills, including the ability to write clear user stories with logical acceptance criteriaCollaboration:demonstrated ability to build strong, trust-based relationships with a diverse range of internal and external stakeholders, supporting effective collaboration within cross-functional agile teams to deliver value iteratively and in alignment with business prioritiesMindset & Initiative:proactive, personable, and solutions-focused, with a well-rounded knowledge base and a strong sense of ownership-consistently delivering accurate outcomes with minimal supervision through sound judgment and initiative is essentialAt Randstad Digital, we are passionate about providing equal employment opportunities and embracing diversity to the benefit of all. We actively encourage applications from any background.",data\raw\Unknown_Company_Digital Business Analyst_87357567_20250926_155930,2025-09-26T15:59:36.076971
https://www.seek.com.au/job/87424790?type=standard&ref=search-standalone#sol=e775ca35e345dad3543250cc1756613464522186,Data Analyst,Perth WA(Hybrid),Business/Systems Analysts (Information & Communication Technology),Full time,,"The RoleWe’re seeking a skilled and curiousData Analystto join our team and help drive data-led decision-making across the business. You’ll work closely with the business to explore complex datasets, build reports, uncover actionable insights, and deliver high-impact analytics solutions that improve business performance.Main Duties & ResponsibilitiesPerform exploratory analysis of complex datasets to identify trends, patterns, and opportunities for improvement.Collaborate with stakeholders to understand business challenges and translate them into data-driven solutions.Collect, clean, and model data from multiple sources to support strategic decision-making.Design, build and deliver interactive dashboards and visualisations using Power BI and other tools.Monitor and optimise the performance of productionised datasets and analytics models.Create and maintain comprehensive documentation of data models, transformation logic, dataset architecture, and report design to ensure transparency, reproducibility, and effective knowledge sharing.Address ad-hoc data requests and incidents with high-quality, complete and timely solutions.Leverage DBT (Data Build Tool) to design and implement robust data models to transform raw data into structured, analysis-ready datasets that support accurate reporting and decision-making.Collaborate effectively within a team of data analysts to share knowledge, align on best practices, follow processes and deliver cohesive, high-quality analytical outputs that support business objectives.Skills and ExperienceThe successful candidate will be able to demonstrate the following skills and experience:Tertiary qualifications in Data Science, Statistics, Computer Science, or a related discipline.Minimum 2 years’ experience in data analysis or a related field.Proficiency in SQL for data manipulation, querying, and modelling.Proficiency in data visualisation tools such as Power BI.Experience with cloud-based solutions such as Snowflake.Strong analytical and problem-solving skills.Ability to manage multiple priorities and deliver high-quality work in a fast-paced environment.Ability to communicate insights clearly to technical and non-technical audiences.Desirable:Experience with programming languages such as R and Python.Familiarity with structured and semi-structured data formats (e.g., JSON, XML).Experience with statistical analysis and/or machine learning techniques.About AFG:Australian Finance Group (ASX:AFG) is one of Australia's largest mortgage broking groups, founded back in 1994 and now employing 300+ staff across Australia. As a category leader, AFG has some 4,000 finance brokers in its network with access to over 10,000 financial products from more than 80 of Australia's leading lenders.Through our broker network, AFG processes around one in 10 of all Australian residential mortgages and manages over $214 billion in residential and commercial finance.In addition to our broker network, AFG has a rapidly growing home loan business, and an expanding footprint in the provision of business lending solutions.At AFG our purpose is to create a fairer financial future for all. Our business prides itself its innovative, entrepreneurial and collaborative culture, which is underpinned by our values of integrity, accountability, customer-centric and team player (IACT). Our teams are intricately engaged across the business, and we encourage people with ideas and a willingness to learn to join us.AFG is committed to our culture. We provide an inclusive workplace where all are welcomed and recognised for their unique ability, regardless of gender, race, religion, disability, orientation, or other identity attribute.",data\raw\Unknown_Company_Data Analyst_87424790_20250926_155956,2025-09-26T16:00:02.265301
https://www.seek.com.au/job/86958103?type=standard&ref=search-standalone#sol=6a98ddd2f100c5e8c62749213b661cd9ece8f8bf,Technical Business Analyst,Perth WA,Business/Systems Analysts (Information & Communication Technology),Full time,"$143,170 per year","About Southern PortsSouthern Ports manages the three gateway ports of Albany, Bunbury and Esperance, and facilitates trade through the commercial management of efficient, safe, sustainable, and customer-focused ports. Our three regional ports play a vital role in connecting Western Australia with world markets. It is our belief that strong regional ports lead to strong regions, and that results in economic and social benefits for the communities across the regions we serve. Our people are our greatest asset, and we are committed to supporting our teams and building a diverse and capable workforce that is geared to meet the current and future needs of our customers and the sustainability of our ports.Benefits of Joining Southern PortsJoining Southern Ports Authority comes with numerous benefits that cater to a wide range of professional and personal needs, some examples being:Flexible Working Arrangements: Enjoy a work-life balance that suits your lifestyle and personal commitments.Annual Health and Well-being Benefits: Take advantage of programs and resources aimed at maintaining your physical and mental health.Salary Sacrificing Options: Maximise your take-home pay through tailored salary packaging arrangements such as Novated Car Leasing and SuperannuationOpportunity to Travel: Experience different geographical regions in Western Australia, enhancing your professional and personal growth.Generous Purchase Leave Options: Gain additional leave options to suit your personal needs and preferences.Salary range:$143,170 + superannuation + regional allowance if based regionally.The RoleSouthern Ports is recruiting a Technical Business Analyst for a fixed term period of 12 months to join their team in Perth, Bunbury, Albany or Esperance. Reporting to the Business Systems Lead, the Technical Business Analyst will be responsible for leading complex business analysis, managing enterprise systems, and supporting the implementation of technology solutions through configuration and administration. The role works closely with stakeholders to ensure systems meet business needs, facilitates change management activities, and drives process improvements. It combines strong analytical skills with technical expertise to deliver practical, high-impact outcomes across the organisation.Key Duties and ResponsibilitiesLead the identification, analysis, and documentation of business requirements across multiple business unitsTranslate business needs into technical specifications and solution designsFacilitate workshops and stakeholder interviews to elicit high-level and detailed requirementsConfiguration, administration, support and optimisation of business systems and platformsDevelop and execute change management plans including communications, training, and stakeholder engagementPerform data analysis to support business decisions and identify trends, risks, and opportunitiesIdentify inefficiencies in business processes and recommend improvementsSupport project planning, scoping, and delivery within project frameworksEnsure business analysis deliverables meet governance and compliance standardsThe ExpertiseMinimum five years’ in business analysis roles, with at least 2 years in a technical or systems-focused capacityDemonstrated experience in configuring and administering enterprise systems or platformsProven track record in leading business analysis activities across multiple projects or programsExperience supporting change management and business readiness activitiesUnderstanding of data structures, reporting tools, and business intelligence conceptsExperience with WHSE systems (user, configuration, administration, and reporting)Understanding of WHSE processes, including hazard management, incident reporting, and investigation workflowsTo see the PD for this role, please copy and paste the below link into your browser:https://www.dropbox.com/scl/fi/q7bdhmabdbmhmdghpm42u/Technology-Technical-Business-Analyst-Position-Description.pdf?rlkey=furm313ikit0pmbw5xnyn0734&st=e63o0y68&dl=0https://www.dropbox.com/scl/fi/5n4q812x3w52d4qwfrgk1/Southern-Ports-Administration-and-Specialist-Services-Agreement.pdf?rlkey=hor30z9u0ae54qtyonli0uaxj&st=a4vutnwj&dl=0RequirementsTo apply, please submit your application through our advertisement. Ensure you include an up-to-date resume with a one-page cover letter.To be eligible for this role, applicants must provide proof of Australian citizenship or permanent residency.The successful applicant must:Have a current Australian driver’s licenceBe able to obtain and maintain a Maritime Security Identification CardPass a pre-employment medical assessment including drug and alcohol testingProvide a National Police Certificate that is within a 6-month period.Southern Ports is proud to be an Equal Employment Opportunity employer and does not discriminate against race, gender, age, religion, sexual preference or disability. We encourage applications from all culturally diverse backgrounds, Indigenous Australians and Non-Indigenous Australians. Southern Ports is committed to creating and maintaining an inclusive and impartial workplace with equal opportunities for all employees.Applications close COB 4th October 2025. We reserve the right to commence the recruitment process during the application period.",data\raw\Unknown_Company_Technical Business Analyst_86958103_20250926_155957,2025-09-26T16:00:02.334074
https://www.seek.com.au/job/87323656?type=standard&ref=search-standalone#sol=eb8e2fed983e4e6bce0d2a5c729b05b5f44076b6,Business Analyst - Information Management,Perth WA,Business/Systems Analysts (Information & Communication Technology),Contract/Temp,,"Contract opportunity to support a major information management transitionYour new companyJoin a dynamic public sector organisation undergoing a major transformation in its information management systems. This is a fantastic opportunity to contribute to a high-impact project focused on transitioning legacy systems and enhancing governance frameworks.Location: Perth CBDContract duration: 6 month with potential for further extensionYour new roleAs an Information Management Specialist, you will play a key role in supporting the transition from a bespoke in-house record-keeping system to a modern, compliant framework. You'll work closely with stakeholders to ensure data integrity, system alignment, and successful delivery of project components.Key ResponsibilitiesDevelop and execute data migration plans for legacy systems and repositories.Assist in remapping the Functional Thesaurus to the Business Classification Scheme.Support the implementation of the Information Management Governance Framework.Contribute to the development of test plans, test cases, and transition documentation (e.g. implementation, backout, and support plans).Engage with stakeholders to gather requirements and conduct impact assessments.Ensure solution designs align with business needs and compliance standards.Perform data analysis, mapping, and modelling to support system transition.Identify interdependencies across systems and processes.What you'll need to succeedProven experience in information management, data migration, or system transition projects.Strong stakeholder engagement and communication skills.Familiarity with governance frameworks and classification schemes.Experience with data analysis, mapping, and documentation.Ability to work collaboratively in a project-driven environment.What you'll get in returnA 6-month contract with a reputable public sector organisation.Opportunity to contribute to a strategic transformation initiative.Competitive daily rate and flexible working arrangements.What you need to do nowIf you're interested in this role, click 'apply now' to forward an up-to-date copy of your CV toLovlin.Rashmi@Hays.com.au, or call us now.If this job isn't quite right for you, but you are looking for a new position, please contact us for a confidential discussion on your career.",data\raw\Unknown_Company_Business Analyst - Information_87323656_20250926_155959,2025-09-26T16:00:04.276542
https://www.seek.com.au/job/87100230?type=standard&ref=search-standalone#sol=efefb5e877e7d64c7a7e02757e5109088481e739,Data Analyst / Reporting Specialist | DIDO Roster,Perth WA,"Analysis & Reporting (Mining, Resources & Energy)",Contract/Temp,"AUD 80 - 100 per hour, 9 Day Fortnight | Contract","Protech are looking for an experiencedData Analyst / Reporting Specialistto perform work with our client, on a 9 day fortnight (5,2 / 4,3) DIDO roster. This role will provide dedicated capacity for extracting, analysing, visualising, and reporting critical mining operational data, directly addressing a current analytics resource gap. The successful candidate will have a strong mining background, proven SQL programming expertise, and experience with fleet management systems such as MineStar (or equivalent). You will play a key role in delivering data-driven insights to support operational teams, business improvement initiatives, and senior stakeholders.ABOUT THE ROLEASAP startWeekly pay9 day fortnight DIDO RosterPermanent rooms12 hour daysSuper paid on ALL hours6 Month Contract InitiallyWork close to home with a Global MinerKEY RESPONSIBILITIES:Data Extraction & Management:Extract and clean data from multiple operational sources, ensuring accuracy and reliability.Develop and maintain robust SQL queries and views to support reporting and analysis.Data Analysis:Conduct detailed data analysis, including cost-benefit studies, trend analysis, and performance benchmarking.Provide actionable insights into fleet performance, production, and operational efficiency.Reporting & Visualization:Develop and maintain Power BI dashboards, reports, and visual tools tailored for operational and leadership needs.Clearly communicate insights and recommendations to both technical and non-technical stakeholders.Operational & Business Improvement Support:Collaborate with operational teams and Business Improvement Analysts to identify opportunities for efficiency, safety, and productivity gains.Deliver timely data and insights to support decision-making and project outcomes.REQUIRED SKILLS & EXPERIENCE:Prior mining industry experience with an understanding of operational environments.Hands-on experience with MineStar Fleet Management System or equivalent FMS platforms.Strong proficiency in SQL programming and data manipulation.Demonstrated ability in mining operational report development.Proven analytical skills, with the ability to interpret complex datasets into meaningful insights.Experience building and managing Power BI dashboards and other reporting tools.Exposure to business improvement frameworks and performance optimisation initiatives.HOW TO APPLY?Click APPLY below.ABOUT PROTECHAt Protech, we provide Great Work to Great People, taking the hassle out of work so you can focus on a job well done. We’ve got your back with:Safe and reliable work.Regular check-ins.A ready, responsive and caring team.Correct pay, on time.As an equal opportunity employer, Protech provides opportunities with leading clients across construction, mining, asphalt, rail, warehousing and manufacturing and has branches in every state and territory. This means we can provide you with Great Work, no matter where you call home.",data\raw\Unknown_Company_Data Analyst  Reporting Specia_87100230_20250926_160023,2025-09-26T16:00:28.192447
https://www.seek.com.au/job/87440130?type=standard&ref=search-standalone#sol=ba3472cd655fac13ccf8ab304b358b5a3a55bc00,Analyst,Perth WA(Hybrid),Analysts (Consulting & Strategy)Government - Federal (Government & Defence),Contract/Temp,,"At ASIC, you can be the change that ensures a fair, strong and efficient financial system for the benefit of all Australians. Contribute to delivering on ASIC's purpose, vision, and strategic priorities to help maintain the integrity of the financial system and protect consumers from harm.ASIC is seeking an Analyst - Business Engagement & Enquiries to join the Digital Team.  This role has a strong customer service focus combined with general troubleshooting skills and acts as a liaison point between business units, project teams, and IT to resolve customer issues.Sydney, Melbourne or Perth. Open to other locations$81,396 - $85,659 (depending on experience) + 15.4% superannuation12-month Fixed Term Contract positionApplications close at 11:59pmAEDT,Thursday 9 October 2025The teamThe Digital team supports business systems and processes that build excellence in regulatory operations.The team provides the user-centred design service and manages the ongoing development of the key platform underpinning the regulatory workflows across ASIC - the ASIC CRM, ASIC Regulatory Portal, ASIC Search and related data and document repositories, as well as ASIC's key externally facing digital channels such as the corporate website.The roleThe purpose of the Analyst within the Digital team is to manage enquiries related to OneASIC Regulatory systems, providing expert troubleshooting support.Responsibilities will include:Act as liaison between business units, project teams, and IT to resolve customer issuesEfficiently resolve or escalate issues with strong verbal communicationDocument technical issues and solutions clearlyManage external stakeholder interactions via the ASIC Regulatory PortalSupport stakeholder training and update learning materialsDrive process improvement and innovationAssist with system enhancements, new products, and releasesCreate clear, user-friendly release communications for non-technical audiencesBuild and maintain relationships with subject matter experts and stakeholdersAbout youA successful applicant should possess many or all of the following:Relevant degree or experience in customer and stakeholder engagementStrong stakeholder management and influencing skillsExcellent communication and issue resolution abilitiesSkilled in multitasking and prioritising in fast-paced settingsUnderstanding of business processes and user reviewsExperience analysing database information and providing solutionsEffective problem-solving and issue triage skillsTeam-oriented with strong collaboration experienceProficient in Microsoft Dynamics CRM, SharePoint, and similar systemsStrong customer service and issue resolution skillsEfficient task management with timely, quality outcomesView the position description for more information or click ‘apply' to start your application.Applications close at 11:59pm AEDT,Thursday 9 October 2025About ASICASIC's remit is one of the broadest of regulators across the world. ASIC regulates corporations, markets, financial services and consumer credit and monitors and promotes market integrity and consumer protection in the Australian financial system. Through our enforcement work, we hold to account those who contravene the law, working to achieve strong outcomes that address the greatest consumer and investor harms.ASIC is committed to providing a diverse and inclusive workplace where the very best talent in Australia chooses to work. Indigenous Australians are encouraged to apply as well as applicants from all backgrounds and with different abilities.We offer a range ofemployee benefitsincluding:Attractive superannuationAdditional leave entitlements50/50 hybrid work-from home modelFlexible work arrangementsAssistance for study and professional developmentClick here to view ASIC's salary and benefits guide.To read more about ASIC, you can visit our website or review our Corporate Plan.To work with us, you need to be an Australian citizen and be prepared to complete an ASIC Suitability and Baseline Assessment.",data\raw\Unknown_Company_Analyst_87440130_20250926_160023,2025-09-26T16:00:29.325534
https://www.seek.com.au/job/86778065?type=standard&ref=search-standalone#sol=e52d6a6de5b8d8fe898dd9a5d2f84522ea044212,Business Analyst,"Osborne Park, Perth WA",Business/Systems Analysts (Information & Communication Technology),Full time,,"IMC is a diversified contractor to the WA resources market with, offering Civil, Mining and Crushing and Screening products to a diverse range of Tier 1 clients across the commodities spectrum including Oil and Gas, Iron Ore and Gold.THE ROLEAs a Business Analyst at IMC, you will lead improvement projects, streamline data recording, and design analytics to drive better business outcomes. Working closely with the Manager – Systems & Innovation, you will play a key role in boosting overall business performance.IMC fosters continual development of technical abilities, project management skills and business improvement knowledge. We are determined to be an organisation with a difference. Apply now to be part of our innovative, growing organisation that thrives on moving fast and thinking outside the box.Primary ActivitiesProject Management:Task coordination: Organizing and assigning tasks across functional groups, tracking completion and alignment with project goals.Progress tracking: Monitoring project milestones, updating stakeholders, and addressing any issues that arise to keep the project on schedule.Resource management: Allocating resources efficiently, managing project budgets, and ensuring optimal use of available tools and personnel.Data Analytics:Data collection and analysis: Designing and improving our systems that collect, collate and analyse information.Reporting: Creating detailed reports and visualizations to communicate findings to stakeholders and support strategic planning.Tool utilisation: Using data analytics tools and software to automate processes, enhance accuracy, and streamline data workflows.ERP Optimisation:System optimisation: Enhancing the use of our ERP Pronto by identifying and implementing improvements and building consensus for change.Data integration: Ensuring seamless data flow between Pronto modules and other systems to provide comprehensive insights and support decision-making.User training and support: Providing training and ongoing support to users to maximize the effectiveness of Pronto.Requirements:Degree in a relevant discipline (e.g. Project Management, Commerce, Computer Science)Experience with ERPs, auxiliary platforms and reporting software.Experience leading small to mid-scale software improvement projects.Strong problem-solving abilities.Excellent communication skills.Desirable:Experience with Pronto Xi, Sharepoint and/or PowerBi App/Report Development.Advanced degrees or certifications in Business Analysis, Data Analytics, or Project Management (e.g., Prince2, CBAP, PMP, Agile methodologies).Experience in the Mining or Construction Industry.",data\raw\Unknown_Company_Business Analyst_86778065_20250926_160022,2025-09-26T16:00:28.625334
https://www.seek.com.au/job/87005107?type=standard&ref=search-standalone#sol=3ae2a1e1f1d36394b8b994a9bdc8fa38f53ff7ee,Functional Analyst,Perth WA,Business/Systems Analysts (Information & Communication Technology),Contract/Temp,,"We are seeking an experiencedFunctional Analystto lead the documentation and analysis of business operations for a large organization preparing to adopt HubSpot CRM.This contract role will be responsible for conducting in-depth discovery with department heads and operational staff, mapping current processes and systems, and designing a future-state operational blueprint aligned with the client's digital transformation goals.You will collaborate with a remote Business Analyst and report directly to the project director. Your work will directly contribute to the solution architecture and phased implementation roadmap.🛠️Key Responsibilities:Lead structured interviews and discovery sessions across all dealership departments (sales, service, finance, admin, marketing)Document current-state business processes, including workflows, applications used, reports generated, and approval flowsCollect artefacts such as report samples, system screenshots, and data collection formsMap business processes to current applications and identify pain points or automation opportunitiesValidate findings with department heads and executive stakeholdersCollaborate with the remote Business Analyst to assemble a comprehensive Business Process Documentation PackProvide insights and input into the solution architecture and CRM planning team✅Key Deliverables:Process maps (as-is) and departmental workflowsFunctional overview of applications and reports per processDepartmental summaries (objectives, KPIs, systems used)Gap analysis highlighting inefficiencies or manual workaroundsContribution to a final business process documentation and CRM readiness report👤About You:Demonstrated experience in business process consulting, business analysis, or ERP/CRM transformation projectsPrior experience in automotive, retail, franchise, or dealership environments highly desirableStrong ability to engage stakeholders from front-line staff to executive levelExpertise in business process mapping using BPMN, flowcharts, or similar methodologiesConfident facilitating interviews and workshops in live environmentsFamiliarity with CRM platforms (HubSpot, Salesforce, etc.) is a strong advantageExcellent verbal and written communication skillsSelf-driven and comfortable working independently with remote supportMinimum 3-5 years of demonstrated experience in business process consulting, business analysis, or ERP/CRM transformation projectsEssential: Business process mapping expertise. Desirable: CRM platform familiarity and automotive industry experience🎓Qualifications:Tertiary qualifications in Business, Information Systems, or related fieldFormal training in business process modelling (BPMN, Lean Six Sigma, etc.) is a plusFull working rights in Australia (citizenship, permanent residency, or valid work visa)Tertiary qualifications in Business, Information Systems, or related field (or equivalent professional experience)💼Contract Details:Duration: 3 - 5 weeksStart Date: Immediate or within 2 weeksLocation: Primarily On-site at client premises (travel within metro area may be required)Competitive daily rate based on experienceABN contractors welcome📩How to Apply:Submit your CV and a short cover letter outlining your relevant experience and availability.",data\raw\Unknown_Company_Functional Analyst_87005107_20250926_160045,2025-09-26T16:00:51.044601
https://www.seek.com.au/job/87448506?type=standard&ref=search-standalone#sol=5dc3257ca30661c378da57cd101b02e06818ce97,IT Business Analyst,"Welshpool, Perth WA",Business/Systems Analysts (Information & Communication Technology),Full time,,"Title: Drive Your Career with Centurion:Seeking IT Business AnalystCompany Overview:Centurion is a premier logistics company with a long-standing reputation for excellence in transportation services across Australia. Founded in 1971, our business provides nationwide service with 34 branches across Western Australia, Queensland, Northern Territory, South Australia and Victoria.We’re currently expanding our team and looking forIT Business Analystto join us in delivering quality service to our customers.PositionAvailable: IT Business AnalystLocation: Welshpool , WAAbout the Role:We are seeking a dedicated professional to manage incoming and outgoing communications, provide exceptional customer service, and direct administrative activities in the IT team while learning and growing their experience in the transport and logistics industry. If you’re ready to contribute to a dynamic team, we want to hear from you!Key Responsibilities:Map out existing business processes and identify opportunities for improvement with a focus on efficiency.Develop and maintain a detailed understanding of our systems, processes, and data requirements.Analyse current business processes to identify areas for improvement, focusing on streamlining workflows and boosting efficiency.Maintain in-depth understanding of systems, processes, and data requirements, ensuring documentation is up-to-date.Reverse engineer software to refine logic and enhance system performance and reliability.Act as a liaison for new feature requests, prioritizing and communicating requirements to development teams.Evaluate off-the-shelf and custom solutions to meet business needs, considering cost and scalability.Drive adoption of new processes and systems, addressing concerns and providing support during implementation.Skills and Experience:Previous experience in a similar IT Business Analyst role (5 years minimum)Tertiary degree level qualifications in IT or related fieldAdvanced knowledge & troubleshooting of networking and systemsProcess mapping and Business Process ImprovementChange Management and Stakeholder CommunicationsExcellent verbal and written communication skills, essential for interacting with various stakeholders.Aptitude for identifying issues and developing solutions to address challenges in day-to-day operations.Why Join Centurion?Competitive pay rates and benefits packageOpportunities for career advancement and professional development.Supportive and collaborative team environment.Benefits including health insurance discounts.Be part of a company that values safety, integrity, and excellence.How to Apply:Ready to drive your career forward with Centurion? If you feel you have the experience, ability, and skills to take the next step with your career within Centurion, we want to hear from you. Click Apply now. For more information, please contactrecruitment@centurion.net.auDon't miss out on this exciting opportunity to join a leader in the transportation industry! We are an Equal Opportunity employer, and we encourage applications from women and First Nations People.Please note that we do not accept applications from recruitment agencies. Direct applicants only.",data\raw\Unknown_Company_IT Business Analyst_87448506_20250926_160047,2025-09-26T16:00:51.736090
https://www.seek.com.au/job/86907672?type=standard&ref=search-standalone#sol=3da44c385f319a556062bbc9473c5f8300c0899d,Senior ERP Consultant - Process and System Analysis and Improvement,Perth WA(Hybrid),Business/Systems Analysts (Information & Communication Technology),Full time,,"Senior Consultant - Process and System Analysis and Improvement - PerthSolution Minds ConsultingTo apply for this role, you must be based in Perth and be an Australian Citizen or Permanent Resident.Role OverviewWe are seeking an experienced Senior Consultant or Enterprise Systems Analyst to join our team to work with our rapidly growing independent digital transformation consulting team. You'll help medium/large sized organisations streamline and digitise their business process with enterprise grade solutions.We support a range of clients, across all industries, at any one time and you’ll manage a variety of projects, primarily focusing on the detailed analysis and review of a business and their existing operations and technology footprint, Enterprise Software Selection, Implementation Planning and Readiness (i.e. setting the projects up for success) and also the full Implementation life cycle to go-live and benefits realization. This a varied role in a fast-paced environment.As an SMC Senior Consultant, you will be part of a high-performance organisation, working with exceptionally smart and driven colleagues as part of a team. You will need a desire to learn and take on new challenges, as every day will be different.What we are looking forA star performer with a minimum of three years of experience, preferably working for a management consulting company or enterprise system implementation company focusing on digital transformation, enterprise systems strategy, business analysis, process improvement, requirements definition and enterprise system selection.An understanding of enterprise software solutions such as ERP, CRM or HCM and optimal process models are a must have.Major Responsibilities·         Become an expert in applying SMC's proven methodology to drive valued improvements for our client’s business success·         Document business processes and requirements through facilitated workshops·         Develop optimised future state processes by analysing data to identify inefficiencies and opportunities for improvement, leaning out processes and applying knowledge of modern enterprise systems/platforms·         Conduct in-depth market research, competitive analysis, and industry benchmarking to identify trends and opportunities·         Develop business cases and financial models to support strategic recommendations·         Work side-by-side with SMC executives, managers and clients to define and implement strategic initiatives that address key business challenges·         Engage the client in constructive and value-added discussions that drive the project forward and add value and insight to the client’s business·         Engage in ongoing learning, keep up with industry trends and developments including process improvement, enterprise systems and digital transformation·         Analyse and short-list enterprise software solutions to support the future state processes recommendations·         Support in the facilitation of workshops·         Create deliverables in a variety of presentation formats·         Assist with preparing proposals and other internal improvement and sales-oriented activities such as writing case studies and thought leadership articlesJob Requirements·         Demonstrated Business and Systems Analysis experience·         A strong academic record and a sharp mind. Bachelor's degree minimum with post graduate qualifications preferred. An educational background in a quantitative or analytical discipline (e.g. engineering, data science, economics), with a strong aptitude for data-driven analysis and structured problem solving is highly desired·         Strong business/client engagement skills.·         High level of competence with MS Office - PowerPoint, Word and Excel - and familiarity and use of business process mapping tools e.g. Blueworks, Signavio, Lucidchart·         Excellent communication skills with absolute proficiency in written and spoken English·         Detail and goal oriented·         Australian citizen or permanent resident·         Domestic travel may be required from time to time as SMC has clients all over AustraliaWork Environment·         Work from our office, adapt to our client’s work environment, as there are frequent visits to our client's sites as well as a work from home scenario·         Be able to work with a national team of consultants and managers both on site and virtually",data\raw\Unknown_Company_Senior ERP Consultant - Proces_86907672_20250926_160046,2025-09-26T16:00:50.654314
https://www.seek.com.au/job/87457596?type=standard&ref=search-standalone#sol=c963f447168ddcb127cfacd1e364c70dd3dc92d4,Business Analyst,"Fremantle, Perth WA",Business/Systems Analysts (Information & Communication Technology),Contract/Temp,Market rates,"Business AnalystHRMIS and  Payroll Systems Implementation6 months contractTwo roles availableAre you an experienced Business Analyst with a passion for delivering impactful payroll and HRIS transformation projects? We’re seeking a proactive and detail-oriented professional to join a high-performing team driving the successful implementation of a new payroll system.About the RoleReporting to the Projects & Business Systems Manager, you will play a pivotal role in the Payroll Replacement Project. This is a hands-on position focused on gathering and analysing business requirements, evaluating existing payroll processes, and supporting the configuration and rollout of a new payroll solution.Key Responsibilities:Lead business analysis activities across HR, Payroll and HRMIS transformation initiatives.Collaborate with HR  and Payroll teams to understand current workflows and identify improvement opportunities.Document business requirements, process maps, and functional specifications.Support the implementation of HR for Dynamics and other HRIS platforms.Ensure alignment between business needs and technical solutions.Facilitate workshops, interviews, and focus groups to elicit and validate business requirements.Translate high-level business concepts into actionable technical workplans.Document business processes using BPMN and BABOK-aligned frameworks.Support UAT planning, defect management, and production rollout activities.Provide expert advice on system options and enhancements to meet business needs.Key Experience:Proven experience as a Business Analyst in HR, ERP, or payroll-related projects.Strong understanding of business analysis methodologies (BABOK) and process mapping (BPMN).Proficient in data analysis using Excel, SQL, and reporting tools such as Power BI.Exceptional documentation skills – BRDs, FRDs, SOPs, UAT scripts.Excellent stakeholder engagement and communication capabilities.Experience working in Agile environments and supporting change management initiatives.What’s on OfferOpportunity to lead a high-impact HRMIS and payroll transformation project.Collaborative team environment with strong leadership support.If you possess the required experience and are interested, please apply now via the link below to be considered.Contact: Lisa Williams -(08) 9423 1429- (Job reference: 268316)",data\raw\Unknown_Company_Business Analyst_87457596_20250926_160110,2025-09-26T16:01:15.177837
https://www.seek.com.au/job/87417218?type=standard&ref=search-standalone#sol=f71f503f67147db6ec37db39be47c5af21bb7970,Insights Analyst,"Cockburn Central, Perth WA(Hybrid)",Business/Systems Analysts (Information & Communication Technology),Full time,,"Analyse data to uncover trends that grow fans, members and revenuePartner with Club stakeholders to deliver clear, actionable insightsNote flexible/hybrid working, career growth or other key benefitsAbout the RoleWe are looking for an Insights Analyst to join our team at Fremantle Football Club. This role is all about turning complex data into clear, actionable insights that help us grow our membership, engage fans, strengthen partnerships, and improve the way we work.Working closely with business units across the Club, you will use your analytics skills to support data-driven decision-making and present insights in ways that everyone can understand and use.The scope of the role will include:Analyse large datasets to uncover trends, risks, and opportunities across membership, partnerships, sales, and fan engagement.Design and maintain dashboards and reports in Power BI (or Tableau) that track performance and highlight key insights.Translate findings into practical recommendations that drive growth and measurable outcomes.Collaborate with stakeholders to understand business needs and deliver tailored solutions.Partner with the AFL Data & Analytics team to share platforms, align approaches, and grow data literacy across the Club.Prepare and integrate data from multiple sources, applying governance and quality checks to ensure accuracy and compliance.This is a full time permanent opportunity. Occasional weekend work during the AFL and AFLW season may be required for the role, however you will receive an RDO for your time.What your will bringWe know not everyone ticks every box, so if you have the passion and skills to succeed, we want to hear from you. Ideally, you will bring:A degree in Data Science, Statistics, Business Analytics, Computer Science, or related field (or equivalent experience).2–3 years’ experience in data analysis, business intelligence, or consumer/marketing analytics.Strong SQL skills and experience with visualisation tools (Power BI preferred, Tableau accepted).Experience working with CRM, ticketing, marketing, or digital analytics platforms.Clear communication skills with the ability to translate technical data into meaningful insights.Collaborative stakeholder management skills and experience.Understanding of data governance practices (knowledge of predictive analytics or machine learning is an advantage).Current or willingness to obtain a National Police Clearance and Working with Children CheckWhat we offerJoining Fremantle Football Club means more than just a job; it means being part of a Club that values its people and strives for excellence. Some of the perks you'll enjoy as part of the Club include:Competitive base salaryFree car parkingSeason passesAll of Club bonus scheme6 months paid parental leave after 12 months of serviceFlexible working including Hybrid working optionsService recognition awardsPartner discounts, and more!Who we areThe Fremantle Football Club, known as the ""Freo Dockers,"" competes in both the men's and women's Australian Football League (AFL). Recently honoured asWA Business Awards Employer of the Year 2024, we are proud to be a values-driven organisation who are committed to enriching our community and making the Freo family proud. Upholding our core values, which we call Anchors, we aim to create a sense of belonging and pride among our members and fans as we work towards a successful future.What’s nextApplications will be open for 1-month from the date of this advertisement, with the shortlisting process commencing within two weeks. To apply, please submit your application online. We will contact candidates of initial interest for further discussions, ensuring confidentiality and providing timely feedback. If you have any support or access requirements, we encourage you to advise us at time of application.Our CommitmentAt the Fremantle Football Club, we celebrate diversity and foster an inclusive workplace where everyone has an equal opportunity to succeed. We welcome and encourage applicants from all backgrounds, regardless of abilities, sexual orientation, ethnicity, faith or gender.Unsolicited applications from recruitment agencies will not be accepted.",data\raw\Unknown_Company_Insights Analyst_87417218_20250926_160153,2025-09-26T16:01:58.880511
